# AI 原创日中释义草案；字段：词形|平假名读音|中文义项（分号分隔）
# 人物与关系
私|わたし|我
僕|ぼく|我（常见男性自称）
俺|おれ|我（随意或较粗的男性自称）
自分|じぶん|自己
あなた|あなた|你
君|きみ|你（对熟人或晚辈）
彼|かれ|他；男朋友
彼女|かのじょ|她；女朋友
誰|だれ|谁
皆|みんな|大家；所有人
皆さん|みなさん|各位；大家
人|ひと|人；别人
人間|にんげん|人类；人
大人|おとな|成年人
子供|こども|孩子；儿童
赤ちゃん|あかちゃん|婴儿
男|おとこ|男人；男性
女|おんな|女人；女性
男性|だんせい|男性
女性|じょせい|女性
少年|しょうねん|少年
少女|しょうじょ|少女
青年|せいねん|青年
老人|ろうじん|老人
家族|かぞく|家人；家庭
両親|りょうしん|父母
親|おや|父母；家长
父|ちち|父亲（称自己的父亲）
母|はは|母亲（称自己的母亲）
お父さん|おとうさん|爸爸；父亲（称呼或尊称）
お母さん|おかあさん|妈妈；母亲（称呼或尊称）
兄|あに|哥哥（称自己的哥哥）
姉|あね|姐姐（称自己的姐姐）
弟|おとうと|弟弟
妹|いもうと|妹妹
お兄さん|おにいさん|哥哥；年轻男子（称呼或尊称）
お姉さん|おねえさん|姐姐；年轻女子（称呼或尊称）
兄弟|きょうだい|兄弟姐妹
姉妹|しまい|姐妹
祖父|そふ|祖父；外祖父
祖母|そぼ|祖母；外祖母
おじいさん|おじいさん|爷爷；外公；老爷爷
おばあさん|おばあさん|奶奶；外婆；老奶奶
叔父|おじ|叔父；舅父；姨父等
叔母|おば|姑母；姨母；婶母等
従兄弟|いとこ|堂兄弟；表兄弟
従姉妹|いとこ|堂姐妹；表姐妹
夫|おっと|丈夫
妻|つま|妻子
夫婦|ふうふ|夫妻
息子|むすこ|儿子
娘|むすめ|女儿；年轻女子
孫|まご|孙子；孙女；外孙
親戚|しんせき|亲戚
友達|ともだち|朋友
友人|ゆうじん|朋友（较正式）
親友|しんゆう|挚友
仲間|なかま|伙伴；同伴；同类
知り合い|しりあい|熟人
恋人|こいびと|恋人
相手|あいて|对方；对象；对手
先輩|せんぱい|前辈；学长学姐
後輩|こうはい|晚辈；学弟学妹
先生|せんせい|老师；对医生、作家等的尊称
学生|がくせい|学生
生徒|せいと|学生（通常指中小学生）
教師|きょうし|教师
医者|いしゃ|医生
看護師|かんごし|护士
警察官|けいさつかん|警察
店員|てんいん|店员
客|きゃく|客人；顾客
お客さん|おきゃくさん|客人；顾客（礼貌说法）
会社員|かいしゃいん|公司职员
社員|しゃいん|公司员工
社長|しゃちょう|公司总经理；社长
部長|ぶちょう|部门负责人；部长
上司|じょうし|上司
部下|ぶか|下属
同僚|どうりょう|同事
運転手|うんてんしゅ|司机
作家|さっか|作家
歌手|かしゅ|歌手
俳優|はいゆう|演员
選手|せんしゅ|运动员；选手
主人公|しゅじんこう|主人公；主角
人物|じんぶつ|人物；人的品格
本人|ほんにん|本人；当事人
他人|たにん|别人；没有亲属关系的人
敵|てき|敌人；对手
味方|みかた|同伴；支持的一方
# 时间与数量
今|いま|现在
昔|むかし|从前；过去
最近|さいきん|最近；近来
将来|しょうらい|将来
未来|みらい|未来
過去|かこ|过去
現在|げんざい|现在；目前
今日|きょう|今天
昨日|きのう|昨天
明日|あした|明天
明後日|あさって|后天
一昨日|おととい|前天
毎日|まいにち|每天
毎朝|まいあさ|每天早晨
毎晩|まいばん|每天晚上
朝|あさ|早晨
昼|ひる|白天；中午
夕方|ゆうがた|傍晚
夜|よる|夜晚
晩|ばん|晚上
午前|ごぜん|上午
午後|ごご|下午
正午|しょうご|中午十二点
深夜|しんや|深夜
早朝|そうちょう|清晨
今朝|けさ|今天早晨
今夜|こんや|今晚
夕べ|ゆうべ|昨晚
時間|じかん|时间；小时
時刻|じこく|时刻
時|とき|时候；时机
頃|ころ|时候；大约某个时间
間|あいだ|期间；之间；间隔
瞬間|しゅんかん|瞬间
しばらく|しばらく|一会儿；一段时间
暫く|しばらく|一会儿；一段时间
一瞬|いっしゅん|一瞬间
一日|いちにち|一天；整天
一日|ついたち|每月一号
二日|ふつか|两天；每月二号
三日|みっか|三天；每月三号
四日|よっか|四天；每月四号
五日|いつか|五天；每月五号
六日|むいか|六天；每月六号
七日|なのか|七天；每月七号
八日|ようか|八天；每月八号
九日|ここのか|九天；每月九号
十日|とおか|十天；每月十号
二十日|はつか|二十天；每月二十号
週|しゅう|星期；周
今週|こんしゅう|这周
先週|せんしゅう|上周
来週|らいしゅう|下周
毎週|まいしゅう|每周
週末|しゅうまつ|周末
月曜日|げつようび|星期一
火曜日|かようび|星期二
水曜日|すいようび|星期三
木曜日|もくようび|星期四
金曜日|きんようび|星期五
土曜日|どようび|星期六
日曜日|にちようび|星期日
曜日|ようび|星期几
月|つき|月亮；月份
今月|こんげつ|这个月
先月|せんげつ|上个月
来月|らいげつ|下个月
毎月|まいつき|每月
年|とし|年；年龄
今年|ことし|今年
去年|きょねん|去年
来年|らいねん|明年
毎年|まいとし|每年
年間|ねんかん|一年间；年间
誕生日|たんじょうび|生日
休日|きゅうじつ|休息日；假日
祝日|しゅくじつ|法定节日
休み|やすみ|休息；休假；缺席
予定|よてい|计划；预定
約束|やくそく|约定；承诺
予約|よやく|预约；预订
期限|きげん|期限
締め切り|しめきり|截止日期
順番|じゅんばん|顺序；轮次
最初|さいしょ|最初；开始
最後|さいご|最后
途中|とちゅう|途中；进行到一半时
以前|いぜん|以前；某时间之前
以後|いご|以后；某时间之后
以来|いらい|自从……以来
一|いち|一
二|に|二
三|さん|三
四|よん|四
五|ご|五
六|ろく|六
七|なな|七
八|はち|八
九|きゅう|九
十|じゅう|十
百|ひゃく|百
千|せん|千
万|まん|万
億|おく|亿
一つ|ひとつ|一个；一种
二つ|ふたつ|两个
三つ|みっつ|三个
四つ|よっつ|四个
五つ|いつつ|五个
六つ|むっつ|六个
七つ|ななつ|七个
八つ|やっつ|八个
九つ|ここのつ|九个
一人|ひとり|一个人；独自
二人|ふたり|两个人
人数|にんずう|人数
数|かず|数量；数目
数字|すうじ|数字
半分|はんぶん|一半
全部|ぜんぶ|全部
全て|すべて|全部；一切
一部|いちぶ|一部分
両方|りょうほう|两边；两者
片方|かたほう|一边；其中一个
何|なに|什么
何|なん|什么（用于某些组合或助数词前）
いくつ|いくつ|几个；多少岁
いくら|いくら|多少钱；多少
何度|なんど|几次；多少度
# 地点交通与社会
ここ|ここ|这里
そこ|そこ|那里（靠近对方）
あそこ|あそこ|那边（离双方较远）
どこ|どこ|哪里
こちら|こちら|这边；这位；我方（礼貌说法）
そちら|そちら|那边；您那边（礼貌说法）
あちら|あちら|那边（礼貌说法）
どちら|どちら|哪边；哪位（礼貌说法）
上|うえ|上面；上方
下|した|下面；下方
前|まえ|前面；以前
後ろ|うしろ|后面
右|みぎ|右边
左|ひだり|左边
中|なか|里面；中间
外|そと|外面
内|うち|内部；自己所属的范围
隣|となり|旁边；邻居
横|よこ|侧面；横向；旁边
縦|たて|纵向；竖向
近く|ちかく|附近；不久；将近
向こう|むこう|对面；那边
奥|おく|深处；里面
手前|てまえ|跟前；近侧
周り|まわり|周围
辺り|あたり|附近；周边
場所|ばしょ|地方；场所
位置|いち|位置
方向|ほうこう|方向
東|ひがし|东
西|にし|西
南|みなみ|南
北|きた|北
国|くに|国家；故乡
日本|にほん|日本
中国|ちゅうごく|中国；日本的中国地区（需语境区分）
外国|がいこく|外国
海外|かいがい|海外
世界|せかい|世界
町|まち|城镇；街区
街|まち|街道；市街
都市|とし|城市
村|むら|村庄
田舎|いなか|乡下；老家
故郷|ふるさと|故乡
住所|じゅうしょ|地址
地図|ちず|地图
道|みち|道路；途径
道路|どうろ|道路
通り|とおり|街道；通行
角|かど|拐角；棱角
交差点|こうさてん|十字路口
橋|はし|桥
坂|さか|坡道
駅|えき|车站
駅前|えきまえ|车站前
電車|でんしゃ|电车；铁路列车
地下鉄|ちかてつ|地铁
新幹線|しんかんせん|新干线
列車|れっしゃ|列车
車|くるま|汽车；车辆
自動車|じどうしゃ|汽车
自転車|じてんしゃ|自行车
バス|ばす|公交车；巴士
タクシー|たくしー|出租车
飛行機|ひこうき|飞机
船|ふね|船
空港|くうこう|机场
港|みなと|港口
切符|きっぷ|车票；票
乗車券|じょうしゃけん|乘车票
改札|かいさつ|检票；检票口
ホーム|ほーむ|站台；主页（需语境区分）
終点|しゅうてん|终点
出発|しゅっぱつ|出发
到着|とうちゃく|到达
交通|こうつう|交通
渋滞|じゅうたい|交通堵塞
事故|じこ|事故
信号|しんごう|信号；红绿灯
運転|うんてん|驾驶；机器运转
旅行|りょこう|旅行
観光|かんこう|观光
散歩|さんぽ|散步
学校|がっこう|学校
大学|だいがく|大学
高校|こうこう|高中
中学校|ちゅうがっこう|初中
小学校|しょうがっこう|小学
幼稚園|ようちえん|幼儿园
教室|きょうしつ|教室
図書館|としょかん|图书馆
病院|びょういん|医院
薬局|やっきょく|药店
銀行|ぎんこう|银行
郵便局|ゆうびんきょく|邮局
警察|けいさつ|警察；警察机关
交番|こうばん|派出所；警察岗亭
市役所|しやくしょ|市政府办公机构
会社|かいしゃ|公司
工場|こうじょう|工厂
店|みせ|商店
本屋|ほんや|书店
書店|しょてん|书店
スーパー|すーぱー|超市
コンビニ|こんびに|便利店
デパート|でぱーと|百货商店
市場|いちば|市场；集市
市場|しじょう|市场（经济领域）
食堂|しょくどう|食堂
レストラン|れすとらん|餐厅
喫茶店|きっさてん|咖啡馆
カフェ|かふぇ|咖啡馆
ホテル|ほてる|酒店
旅館|りょかん|日式旅馆
公園|こうえん|公园
動物園|どうぶつえん|动物园
美術館|びじゅつかん|美术馆
博物館|はくぶつかん|博物馆
映画館|えいがかん|电影院
神社|じんじゃ|神社
寺|てら|寺庙
建物|たてもの|建筑物
入口|いりぐち|入口
出口|でぐち|出口
階段|かいだん|楼梯
エレベーター|えれべーたー|电梯
エスカレーター|えすかれーたー|自动扶梯
# 家居与物品
家|いえ|房子；家
家|うち|家；自己家
部屋|へや|房间
玄関|げんかん|玄关；房屋入口
居間|いま|起居室；客厅
台所|だいどころ|厨房
寝室|しんしつ|卧室
風呂|ふろ|浴室；洗澡水；洗澡
浴室|よくしつ|浴室
トイレ|といれ|厕所
窓|まど|窗户
ドア|どあ|门
扉|とびら|门；扉页
壁|かべ|墙壁；障碍
床|ゆか|地板
天井|てんじょう|天花板
屋根|やね|屋顶
庭|にわ|庭院
ベランダ|べらんだ|阳台
机|つくえ|桌子；书桌
テーブル|てーぶる|桌子；表格
椅子|いす|椅子
棚|たな|架子；搁板
本棚|ほんだな|书架
ベッド|べっど|床
布団|ふとん|被褥；日式铺盖
枕|まくら|枕头
毛布|もうふ|毛毯
掛け布団|かけぶとん|被子
カーテン|かーてん|窗帘
鏡|かがみ|镜子
時計|とけい|钟；手表
電気|でんき|电；电灯
照明|しょうめい|照明
冷蔵庫|れいぞうこ|冰箱
洗濯機|せんたくき|洗衣机
掃除機|そうじき|吸尘器
電子レンジ|でんしれんじ|微波炉
エアコン|えあこん|空调
扇風機|せんぷうき|电风扇
暖房|だんぼう|暖气；供暖
冷房|れいぼう|冷气；制冷
鍵|かぎ|钥匙；关键
傘|かさ|伞
鞄|かばん|包；手提包
バッグ|ばっぐ|包
財布|さいふ|钱包
眼鏡|めがね|眼镜
帽子|ぼうし|帽子
服|ふく|衣服
洋服|ようふく|西式服装；衣服
着物|きもの|和服
制服|せいふく|制服
シャツ|しゃつ|衬衫；上衣
ズボン|ずぼん|裤子
スカート|すかーと|裙子
コート|こーと|大衣；外套；球场（需语境区分）
上着|うわぎ|外衣；上衣
下着|したぎ|内衣
靴|くつ|鞋
靴下|くつした|袜子
手袋|てぶくろ|手套
指輪|ゆびわ|戒指
タオル|たおる|毛巾
ハンカチ|はんかち|手帕
石鹸|せっけん|肥皂
歯ブラシ|はぶらし|牙刷
歯磨き|はみがき|刷牙；牙膏
紙|かみ|纸
袋|ふくろ|袋子
箱|はこ|箱子；盒子
瓶|びん|瓶子
缶|かん|罐子
皿|さら|盘子
茶碗|ちゃわん|饭碗；茶碗
箸|はし|筷子
スプーン|すぷーん|勺子
フォーク|ふぉーく|餐叉
ナイフ|ないふ|小刀；餐刀
包丁|ほうちょう|菜刀
鍋|なべ|锅；火锅
コップ|こっぷ|杯子
カップ|かっぷ|杯子
ゴミ|ごみ|垃圾
道具|どうぐ|工具；器具
物|もの|东西；物品
荷物|にもつ|行李；货物
商品|しょうひん|商品
品物|しなもの|物品；商品
材料|ざいりょう|材料
部品|ぶひん|零件
# 饮食
食べ物|たべもの|食物
飲み物|のみもの|饮料
食事|しょくじ|吃饭；餐食
朝ご飯|あさごはん|早饭
昼ご飯|ひるごはん|午饭
晩ご飯|ばんごはん|晚饭
朝食|ちょうしょく|早餐
昼食|ちゅうしょく|午餐
夕食|ゆうしょく|晚餐
ご飯|ごはん|米饭；饭；餐食
米|こめ|米
パン|ぱん|面包
麺|めん|面条
うどん|うどん|乌冬面
そば|そば|荞麦面
ラーメン|らーめん|日式拉面
パスタ|ぱすた|意大利面
肉|にく|肉
牛肉|ぎゅうにく|牛肉
豚肉|ぶたにく|猪肉
鶏肉|とりにく|鸡肉
魚|さかな|鱼
卵|たまご|鸡蛋；蛋
野菜|やさい|蔬菜
果物|くだもの|水果
りんご|りんご|苹果
林檎|りんご|苹果
みかん|みかん|橘子
バナナ|ばなな|香蕉
いちご|いちご|草莓
苺|いちご|草莓
ぶどう|ぶどう|葡萄
葡萄|ぶどう|葡萄
桃|もも|桃子
梨|なし|梨
西瓜|すいか|西瓜
トマト|とまと|西红柿
じゃがいも|じゃがいも|土豆
玉ねぎ|たまねぎ|洋葱
人参|にんじん|胡萝卜
キャベツ|きゃべつ|卷心菜
きゅうり|きゅうり|黄瓜
豆|まめ|豆子
豆腐|とうふ|豆腐
納豆|なっとう|纳豆
味噌|みそ|味噌；豆酱
醤油|しょうゆ|酱油
塩|しお|盐
砂糖|さとう|砂糖
酢|す|醋
油|あぶら|油
バター|ばたー|黄油
チーズ|ちーず|奶酪
牛乳|ぎゅうにゅう|牛奶
水|みず|水
お湯|おゆ|热水
お茶|おちゃ|茶；茶水
紅茶|こうちゃ|红茶
コーヒー|こーひー|咖啡
ジュース|じゅーす|果汁；饮料
酒|さけ|酒
ビール|びーる|啤酒
ワイン|わいん|葡萄酒
料理|りょうり|菜肴；烹饪
弁当|べんとう|便当；盒饭
寿司|すし|寿司
刺身|さしみ|生鱼片
天ぷら|てんぷら|天妇罗
カレー|かれー|咖喱
スープ|すーぷ|汤
サラダ|さらだ|沙拉
お菓子|おかし|点心；糖果等零食
ケーキ|けーき|蛋糕
チョコレート|ちょこれーと|巧克力
アイスクリーム|あいすくりーむ|冰淇淋
味|あじ|味道；趣味
匂い|におい|气味
香り|かおり|香味
食欲|しょくよく|食欲
空腹|くうふく|空腹；饥饿
満腹|まんぷく|吃饱
# 身体健康与自然
体|からだ|身体
頭|あたま|头；头脑
顔|かお|脸；面孔
目|め|眼睛；目光；（接数词等）第……、顺序标记
耳|みみ|耳朵
鼻|はな|鼻子
口|くち|嘴；开口；说话方式
歯|は|牙齿
舌|した|舌头
喉|のど|喉咙
首|くび|脖子；（口语）解雇
肩|かた|肩膀
腕|うで|胳膊；本领
肘|ひじ|肘
手|て|手；办法；帮手
指|ゆび|手指；脚趾
爪|つめ|指甲；爪
胸|むね|胸部；内心
背中|せなか|背部
腰|こし|腰
腹|はら|肚子；内心
お腹|おなか|肚子
足|あし|脚；腿
脚|あし|腿；支脚
膝|ひざ|膝盖
髪|かみ|头发
髪の毛|かみのけ|头发
肌|はだ|皮肤
皮膚|ひふ|皮肤
骨|ほね|骨头；骨架
血|ち|血
涙|なみだ|眼泪
汗|あせ|汗
声|こえ|声音（人或动物发声）
息|いき|呼吸；气息
呼吸|こきゅう|呼吸
心|こころ|心；内心；心意
心臓|しんぞう|心脏
胃|い|胃
体温|たいおん|体温
熱|ねつ|热；发烧；热情
風邪|かぜ|感冒
病気|びょうき|疾病；生病
怪我|けが|受伤；伤
傷|きず|伤口；伤痕；缺陷
痛み|いたみ|疼痛
薬|くすり|药
健康|けんこう|健康
診察|しんさつ|诊察；看病
治療|ちりょう|治疗
検査|けんさ|检查；检验
手術|しゅじゅつ|手术
入院|にゅういん|住院
退院|たいいん|出院
睡眠|すいみん|睡眠
運動|うんどう|运动
自然|しぜん|自然；自然界；自然而然
空|そら|天空
空|から|空的；没有内容
天気|てんき|天气
晴れ|はれ|晴天
曇り|くもり|阴天
雨|あめ|雨
雪|ゆき|雪
風|かぜ|风
雲|くも|云
雷|かみなり|雷
台風|たいふう|台风
気温|きおん|气温
温度|おんど|温度
季節|きせつ|季节
春|はる|春天
夏|なつ|夏天
秋|あき|秋天
冬|ふゆ|冬天
山|やま|山；堆
川|かわ|河流
海|うみ|海
湖|みずうみ|湖
池|いけ|池塘
島|しま|岛
森|もり|森林
林|はやし|树林
木|き|树木；木材
花|はな|花
草|くさ|草
葉|は|叶子
枝|えだ|树枝
根|ね|根
土|つち|土壤
石|いし|石头
砂|すな|沙子
火|ひ|火
煙|けむり|烟
光|ひかり|光；光亮
影|かげ|影子
音|おと|声音；声响
太陽|たいよう|太阳
星|ほし|星星
地球|ちきゅう|地球
宇宙|うちゅう|宇宙
動物|どうぶつ|动物
植物|しょくぶつ|植物
犬|いぬ|狗
猫|ねこ|猫
鳥|とり|鸟
馬|うま|马
牛|うし|牛
豚|ぶた|猪
羊|ひつじ|羊
兎|うさぎ|兔子
猿|さる|猴子
熊|くま|熊
虫|むし|虫子
蝶|ちょう|蝴蝶
蚊|か|蚊子
蛇|へび|蛇
色|いろ|颜色；情调
赤|あか|红色
青|あお|蓝色；（传统用法也可指）绿色
白|しろ|白色
黒|くろ|黑色
黄色|きいろ|黄色
緑|みどり|绿色
紫|むらさき|紫色
茶色|ちゃいろ|棕色
灰色|はいいろ|灰色
ピンク|ぴんく|粉红色
# 常用动词
する|する|做；进行；呈现某种状态
為る|する|做；进行（常写作する）
ある|ある|有；存在（一般用于非生命事物）
有る|ある|有；具备
いる|いる|在；存在（一般用于人或动物）
居る|いる|在；存在（一般用于人或动物）
要る|いる|需要
なる|なる|变成；成为
成る|なる|成为；形成
行く|いく|去；前往；进行下去
行く|ゆく|去；前往（行く的另一读法）
来る|くる|来；出现
帰る|かえる|回去；回家
戻る|もどる|返回；恢复
戻す|もどす|使返回；恢复原状
出る|でる|出去；出现；参加；产生
出す|だす|拿出；发出；提交
入る|はいる|进入；加入；装进
入れる|いれる|放入；加入；接纳
歩く|あるく|走路
走る|はしる|跑；车辆行驶
飛ぶ|とぶ|飞；跳；越过
泳ぐ|およぐ|游泳
乗る|のる|乘坐；骑；登上
降りる|おりる|下车；下来；退出
登る|のぼる|攀登；登上
上る|のぼる|上升；上去
下がる|さがる|下降；后退；降低
上がる|あがる|上升；提高；结束（某些用法）
上げる|あげる|举起；提高；给
下げる|さげる|降低；放下；撤下
立つ|たつ|站立；竖起；发生
座る|すわる|坐
寝る|ねる|睡觉；躺下
眠る|ねむる|睡；沉睡
起きる|おきる|起床；发生
起こる|おこる|发生
起こす|おこす|叫醒；引起
休む|やすむ|休息；请假；缺席
働く|はたらく|工作；起作用
勉強する|べんきょうする|学习
学ぶ|まなぶ|学习；效法
教える|おしえる|教；告诉
習う|ならう|学习（向别人学）
読む|よむ|读；阅读；预判
書く|かく|写；书写
描く|えがく|描绘；描写；设想
描く|かく|画；绘制
聞く|きく|听；询问
聴く|きく|仔细听；聆听
話す|はなす|说话；谈论
言う|いう|说；称作
語る|かたる|讲述；叙说
見る|みる|看；观看；观察
見える|みえる|看得见；显得；看起来
見せる|みせる|给看；展示
見つける|みつける|发现；找到
見つかる|みつかる|被发现；被找到
探す|さがす|寻找
捜す|さがす|搜寻（失踪者或丢失物等）
調べる|しらべる|调查；查询；检查
知る|しる|知道；了解
分かる|わかる|明白；懂；能够判断
思う|おもう|认为；想；感到
考える|かんがえる|思考；考虑
覚える|おぼえる|记住；学会；感到
忘れる|わすれる|忘记
思い出す|おもいだす|想起
感じる|かんじる|感觉；感受到
信じる|しんじる|相信
疑う|うたがう|怀疑
決める|きめる|决定；确定
決まる|きまる|确定下来；决定下来
選ぶ|えらぶ|选择
迷う|まよう|迷路；犹豫；困惑
困る|こまる|为难；困扰
悩む|なやむ|苦恼；烦恼
喜ぶ|よろこぶ|高兴；欢喜
笑う|わらう|笑；嘲笑
泣く|なく|哭
怒る|おこる|生气；发怒
怒る|いかる|愤怒（较书面）
驚く|おどろく|吃惊
怖がる|こわがる|害怕
恥ずかしがる|はずかしがる|害羞；感到难为情
楽しむ|たのしむ|享受；欣赏；以……为乐
疲れる|つかれる|疲倦
飽きる|あきる|厌倦；腻烦
慣れる|なれる|习惯；熟悉
頑張る|がんばる|努力；坚持
努力する|どりょくする|努力
食べる|たべる|吃
飲む|のむ|喝；服药；接受（条件等）
噛む|かむ|咬；咀嚼
吸う|すう|吸；吸入；吸吮
吐く|はく|吐出；呕吐；呼出
作る|つくる|制作；做；建立
造る|つくる|建造；制造
料理する|りょうりする|烹饪
洗う|あらう|洗；清洗
掃除する|そうじする|打扫
片付ける|かたづける|收拾；整理；处理
捨てる|すてる|扔掉；舍弃
拾う|ひろう|捡起；拾取
買う|かう|买
売る|うる|卖
払う|はらう|支付；拂去
貸す|かす|借出；贷给
借りる|かりる|借入；租借
返す|かえす|归还；返回某物
渡す|わたす|递给；交给；渡过
渡る|わたる|渡过；跨越
受け取る|うけとる|收到；领取；理解为
受ける|うける|接受；遭受；参加（考试等）
貰う|もらう|得到；收下
あげる|あげる|给（别人）
くれる|くれる|给（我或我方的人）
持つ|もつ|拿；持有；维持
持って行く|もっていく|带去
持って来る|もってくる|带来
運ぶ|はこぶ|搬运；运送；前往（足を運ぶ等）
置く|おく|放置；设置
取る|とる|拿；取；采取
撮る|とる|拍摄
使う|つかう|使用；花费
開く|あく|开着；打开（自动）
開く|ひらく|打开；召开；展开
開ける|あける|打开（他动）
閉まる|しまる|关闭；关上（自动）
閉める|しめる|关上（他动）
閉じる|とじる|合上；关闭；结束
付く|つく|附着；跟随；亮起
付ける|つける|安装；附上；打开（灯等）
消える|きえる|消失；熄灭
消す|けす|消除；擦掉；关掉（灯等）
点ける|つける|点亮；打开（电器等）
着く|つく|到达
着る|きる|穿（上衣等）
履く|はく|穿（鞋、裤子等）
脱ぐ|ぬぐ|脱下
被る|かぶる|戴；蒙上；承担
脱げる|ぬげる|脱落；能够脱下
切る|きる|切；剪；断开
切れる|きれる|断；用尽；能切
折る|おる|折断；折叠
折れる|おれる|折断（自动）；让步
曲がる|まがる|弯曲；拐弯
曲げる|まげる|弄弯；歪曲
壊れる|こわれる|坏掉
壊す|こわす|弄坏；破坏
直る|なおる|恢复正常；修好（自动）
直す|なおす|修理；改正
治る|なおる|痊愈；治好（自动）
治す|なおす|治疗；治好（他动）
動く|うごく|动；移动；运作
動かす|うごかす|移动；使运作
止まる|とまる|停止（自动）
止める|とめる|停止；阻止（他动）
止める|やめる|停止做；放弃
やめる|やめる|停止做；放弃
辞める|やめる|辞去（工作、职务等）
続く|つづく|持续；接着发生
続ける|つづける|继续；持续做
始まる|はじまる|开始（自动）
始める|はじめる|开始（他动）
終わる|おわる|结束
終える|おえる|完成；结束（他动）
済む|すむ|结束；解决；足够
済ませる|すませる|做完；办完
残る|のこる|剩下；留下
残す|のこす|留下；剩下某物
増える|ふえる|增加（自动）
増やす|ふやす|增加（他动）
減る|へる|减少（自动）
減らす|へらす|减少（他动）
変わる|かわる|改变（自动）；不同
変える|かえる|改变（他动）
換える|かえる|更换；兑换
替える|かえる|替换
比べる|くらべる|比较
合う|あう|适合；相合
合わせる|あわせる|合并；配合；对准
会う|あう|见面
出会う|であう|相遇；遇见
別れる|わかれる|分别；分手
集まる|あつまる|聚集（自动）
集める|あつめる|收集；召集
並ぶ|ならぶ|排列；排队
並べる|ならべる|排列（他动）；列举
待つ|まつ|等待
呼ぶ|よぶ|叫；呼唤；称为
呼び止める|よびとめる|叫住；喊住
答える|こたえる|回答
尋ねる|たずねる|询问
訪ねる|たずねる|拜访
頼む|たのむ|请求；拜托；点（餐等）
頼る|たよる|依靠；依赖
助ける|たすける|帮助；救助
助かる|たすかる|获救；得到帮助；省事
手伝う|てつだう|帮忙
守る|まもる|保护；遵守
救う|すくう|拯救
謝る|あやまる|道歉
許す|ゆるす|允许；原谅
断る|ことわる|拒绝；事先说明
褒める|ほめる|表扬；称赞
叱る|しかる|训斥；责备
注意する|ちゅういする|注意；提醒；警告
説明する|せつめいする|解释；说明
伝える|つたえる|传达；告诉
伝わる|つたわる|传达过去；流传
相談する|そうだんする|商量；咨询
紹介する|しょうかいする|介绍
招く|まねく|邀请；招致
送る|おくる|发送；送行；度过
届く|とどく|送到；到达；够得着
届ける|とどける|送达；申报
押す|おす|推；按；盖（章）
引く|ひく|拉；抽；查（词典）；减去
触る|さわる|触摸
触れる|ふれる|接触；提及
握る|にぎる|握住；掌握
掴む|つかむ|抓住；掌握
抱く|だく|抱（人或动物等）
抱く|いだく|怀有（想法、感情等）；抱
抱きしめる|だきしめる|紧抱
離す|はなす|放开；使分离
離れる|はなれる|离开；分离；相隔
投げる|なげる|扔；投
打つ|うつ|打；敲；打字
叩く|たたく|敲；拍；批评
蹴る|ける|踢
落ちる|おちる|掉落；下降；落选
落とす|おとす|使掉落；弄丢；降低
倒れる|たおれる|倒下；倒塌
倒す|たおす|弄倒；打败
滑る|すべる|滑；打滑
転ぶ|ころぶ|跌倒
踏む|ふむ|踩；踏
振る|ふる|挥；摇；甩；拒绝（恋爱对象等）
振り返る|ふりかえる|回头；回顾
向く|むく|朝向；适合
向ける|むける|转向；指向
向かう|むかう|朝……去；面对
通る|とおる|通过；经过；获准
通す|とおす|使通过；贯穿；坚持到底
通う|かよう|定期往来；上学或上班
過ぎる|すぎる|经过；过去；过度
過ごす|すごす|度过
急ぐ|いそぐ|赶紧；急于
遅れる|おくれる|迟到；落后
間に合う|まにあう|赶得上；来得及；够用
逃げる|にげる|逃跑；逃避
追う|おう|追赶；追求
追いかける|おいかける|追赶
隠れる|かくれる|躲藏；隐藏（自动）
隠す|かくす|藏起；隐瞒
隠れる|かくれる|躲藏；隐藏（自动）
生まれる|うまれる|出生；产生
育つ|そだつ|成长
育てる|そだてる|养育；培养
生きる|いきる|活着；生存
死ぬ|しぬ|死
暮らす|くらす|生活；度日
住む|すむ|居住
泊まる|とまる|住宿；过夜
引っ越す|ひっこす|搬家
結婚する|けっこんする|结婚
遊ぶ|あそぶ|玩；游玩
歌う|うたう|唱歌
踊る|おどる|跳舞
弾く|ひく|弹奏（乐器）
吹く|ふく|吹；刮（风）
咲く|さく|开花
降る|ふる|下（雨、雪等）
晴れる|はれる|放晴；消散（疑虑等）
曇る|くもる|阴天；变浑浊；蒙上阴影
燃える|もえる|燃烧（自动）；热情高涨
燃やす|もやす|烧；燃烧（他动）
乾く|かわく|干；干燥
乾かす|かわかす|使干燥；晾干
濡れる|ぬれる|湿；淋湿
濡らす|ぬらす|弄湿
冷える|ひえる|变冷；冷却
冷やす|ひやす|使冷；冷却
温める|あたためる|加热；温暖
沸く|わく|沸腾；热烈起来
沸かす|わかす|烧开；使沸腾
混ぜる|まぜる|混合；搅拌
混ざる|まざる|混在一起
包む|つつむ|包裹
結ぶ|むすぶ|打结；连接；缔结
解く|とく|解开；解答
解ける|とける|解开（自动）；解出
溶ける|とける|融化；溶解
溶かす|とかす|使融化；使溶解
数える|かぞえる|数；计算数量
測る|はかる|测量
計る|はかる|计时；计算
量る|はかる|称量
足す|たす|加；添加
足りる|たりる|足够
足りない|たりない|不足；不够
間違える|まちがえる|弄错；搞错
間違う|まちがう|错误；不对
失う|うしなう|失去
なくす|なくす|弄丢；消除
無くす|なくす|弄丢；消除
見失う|みうしなう|看丢；失去方向
失敗する|しっぱいする|失败；做错
成功する|せいこうする|成功
勝つ|かつ|胜；获胜
負ける|まける|输；败；让价
争う|あらそう|争夺；争论
戦う|たたかう|战斗；斗争
競う|きそう|竞争；竞赛
認める|みとめる|承认；认可；发现
確かめる|たしかめる|确认；查明
確認する|かくにんする|确认
求める|もとめる|寻求；要求
望む|のぞむ|希望；期望
願う|ねがう|祈愿；请求
祈る|いのる|祈祷
試す|ためす|尝试；试验
試みる|こころみる|尝试（较书面）
挑戦する|ちょうせんする|挑战
諦める|あきらめる|放弃；死心
我慢する|がまんする|忍耐
耐える|たえる|忍受；承受
備える|そなえる|准备；配备
準備する|じゅんびする|准备
身構える|みがまえる|摆好架势；戒备
伸ばす|のばす|伸长；延长；提高
伸びる|のびる|伸长；增长；进步
縮む|ちぢむ|缩小；收缩
縮める|ちぢめる|缩短；缩小
広がる|ひろがる|扩大；展开
広げる|ひろげる|展开；扩大
深まる|ふかまる|加深
深める|ふかめる|加深（他动）
進む|すすむ|前进；进展
進める|すすめる|推进；进行
勧める|すすめる|劝；推荐
進める|すすめる|推进；进行
# 形容词与状态
良い|よい|好；良好
良い|いい|好（良い的口语读法）
いい|いい|好；可以
悪い|わるい|坏；不好；有过错
大きい|おおきい|大
小さい|ちいさい|小
多い|おおい|多
少ない|すくない|少
高い|たかい|高；贵
低い|ひくい|低
安い|やすい|便宜
長い|ながい|长
短い|みじかい|短
広い|ひろい|宽广
狭い|せまい|狭窄
太い|ふとい|粗；粗壮
細い|ほそい|细；纤细
厚い|あつい|厚
薄い|うすい|薄；淡；稀
重い|おもい|重；沉重；严重
軽い|かるい|轻；轻微
強い|つよい|强；强烈
弱い|よわい|弱；不擅长
早い|はやい|早
速い|はやい|快（速度）
遅い|おそい|慢；晚
近い|ちかい|近；相似
遠い|とおい|远
新しい|あたらしい|新
古い|ふるい|旧；古老
若い|わかい|年轻
明るい|あかるい|明亮；开朗
暗い|くらい|昏暗；消沉
暑い|あつい|热（天气、环境）
熱い|あつい|烫；热（物体、感情等）
寒い|さむい|冷（天气、环境）
冷たい|つめたい|凉；冰冷；冷淡
暖かい|あたたかい|暖和（气候、环境等）
温かい|あたたかい|温热；温暖（物体、心意等）
涼しい|すずしい|凉爽
温い|ぬるい|温吞；不够热；不严格
熱心|ねっしん|热心；专注
美しい|うつくしい|美丽
綺麗|きれい|漂亮；干净
可愛い|かわいい|可爱
格好いい|かっこいい|帅气；有型
醜い|みにくい|丑陋
汚い|きたない|脏；卑鄙
清潔|せいけつ|清洁
優しい|やさしい|温柔；体贴
易しい|やさしい|容易
難しい|むずかしい|难；复杂
厳しい|きびしい|严厉；严峻
怖い|こわい|可怕；害怕
恐ろしい|おそろしい|可怕；惊人
痛い|いたい|疼痛
痒い|かゆい|痒
眠い|ねむい|困；想睡
忙しい|いそがしい|忙
暇|ひま|空闲；闲暇
楽しい|たのしい|快乐；有趣
面白い|おもしろい|有趣；有意思
つまらない|つまらない|无聊；没意思；不值一提
嬉しい|うれしい|高兴
悲しい|かなしい|悲伤
寂しい|さびしい|寂寞；冷清
寂しい|さみしい|寂寞（さびしい的另一读法）
苦しい|くるしい|痛苦；难受；艰难
辛い|つらい|难受；痛苦；难熬
辛い|からい|辣；严格
甘い|あまい|甜；宽松；天真
苦い|にがい|苦（味）；痛苦的
酸っぱい|すっぱい|酸
塩辛い|しおからい|咸
美味しい|おいしい|好吃；美味
不味い|まずい|不好吃；糟糕；不妥
おかしい|おかしい|奇怪；可笑；不正常
変|へん|奇怪；异常
正しい|ただしい|正确
間違い|まちがい|错误
詳しい|くわしい|详细；熟悉
細かい|こまかい|细小；细致；琐碎
粗い|あらい|粗糙；粗略
荒い|あらい|粗暴；猛烈
丸い|まるい|圆
四角い|しかくい|方形
固い|かたい|坚硬；牢固
硬い|かたい|硬（物体）
柔らかい|やわらかい|柔软
深い|ふかい|深
浅い|あさい|浅
濃い|こい|浓；深（颜色）
臭い|くさい|臭；带有某种气息
危ない|あぶない|危险；险些
危険|きけん|危险
安全|あんぜん|安全
大丈夫|だいじょうぶ|没问题；不要紧
丈夫|じょうぶ|结实；健壮
元気|げんき|健康有精神；活力
健康的|けんこうてき|健康的
親切|しんせつ|亲切；热心帮助
丁寧|ていねい|细致；礼貌
失礼|しつれい|失礼；不礼貌
真面目|まじめ|认真；正经
素直|すなお|坦率；听话
正直|しょうじき|诚实；坦白
熱心|ねっしん|热心；专注
上手|じょうず|擅长；做得好
下手|へた|不擅长；做得差
得意|とくい|擅长；得意
苦手|にがて|不擅长；难以应付
好き|すき|喜欢
嫌い|きらい|讨厌
大好き|だいすき|非常喜欢
嫌|いや|讨厌；不愿意
大切|たいせつ|重要；珍贵
大事|だいじ|重要；应当珍惜
必要|ひつよう|必要
重要|じゅうよう|重要
便利|べんり|方便
不便|ふべん|不方便
簡単|かんたん|简单；容易
複雑|ふくざつ|复杂
普通|ふつう|普通；通常
特別|とくべつ|特别
同じ|おなじ|相同
違う|ちがう|不同；不对
似ている|にている|相似
似る|にる|相似
静か|しずか|安静
賑やか|にぎやか|热闹
うるさい|うるさい|吵闹；啰嗦；苛刻
可哀想|かわいそう|可怜
残念|ざんねん|遗憾；可惜
心配|しんぱい|担心
安心|あんしん|放心
満足|まんぞく|满足
不満|ふまん|不满
自由|じゆう|自由
不自由|ふじゆう|不自由；不便
無理|むり|不可能做到；勉强；不合理
無駄|むだ|徒劳；浪费
十分|じゅうぶん|充分；足够
適当|てきとう|适当；（口语）敷衍、随便（需语境区分）
確か|たしか|确实；大概记得是……
確実|かくじつ|确实；可靠
明確|めいかく|明确
曖昧|あいまい|含糊；不明确
豊か|ゆたか|丰富；富裕
貧しい|まずしい|贫穷；贫乏
珍しい|めずらしい|少见；稀奇
凄い|すごい|厉害；惊人
酷い|ひどい|严重；过分；糟糕
偉い|えらい|了不起；地位高；值得夸奖
恥ずかしい|はずかしい|害羞；难为情；丢脸
懐かしい|なつかしい|怀念；令人怀念
羨ましい|うらやましい|羡慕
悔しい|くやしい|不甘心；懊恼
眩しい|まぶしい|耀眼；刺眼
可笑しい|おかしい|可笑；奇怪
# 学习工作与抽象概念
本|ほん|书；书籍
文章|ぶんしょう|文章
文|ぶん|句子；文章
言葉|ことば|词语；语言；话
単語|たんご|单词
語彙|ごい|词汇
漢字|かんじ|汉字
平仮名|ひらがな|平假名
片仮名|かたかな|片假名
文字|もじ|文字；字符
読み方|よみかた|读法
意味|いみ|意思；意义
文法|ぶんぽう|语法
発音|はつおん|发音
翻訳|ほんやく|翻译
通訳|つうやく|口译；口译员
辞書|じしょ|词典
辞典|じてん|辞典
日本語|にほんご|日语
中国語|ちゅうごくご|中文；汉语
英語|えいご|英语
外国語|がいこくご|外语
授業|じゅぎょう|上课；课程
講義|こうぎ|讲课；讲义
試験|しけん|考试；试验
テスト|てすと|测试；考试
宿題|しゅくだい|作业
問題|もんだい|问题；题目
質問|しつもん|提问；问题
答え|こたえ|答案；回答
回答|かいとう|回答
解答|かいとう|解答（题目）
練習|れんしゅう|练习
復習|ふくしゅう|复习
予習|よしゅう|预习
勉強|べんきょう|学习
学習|がくしゅう|学习
研究|けんきゅう|研究
知識|ちしき|知识
経験|けいけん|经验；经历
能力|のうりょく|能力
実力|じつりょく|实际能力
技術|ぎじゅつ|技术
専門|せんもん|专业；专门领域
成績|せいせき|成绩
点数|てんすう|分数；件数
合格|ごうかく|合格；通过考试
不合格|ふごうかく|不合格；考试未通过
卒業|そつぎょう|毕业
入学|にゅうがく|入学
留学|りゅうがく|留学
教育|きょういく|教育
仕事|しごと|工作；事情
作業|さぎょう|作业；操作
会議|かいぎ|会议
打ち合わせ|うちあわせ|事先商讨；工作协调会议
資料|しりょう|资料
書類|しょるい|文件；文书
報告|ほうこく|报告
連絡|れんらく|联系；通知
相談|そうだん|商量；咨询
説明|せつめい|说明；解释
計画|けいかく|计划
目標|もくひょう|目标
目的|もくてき|目的
方法|ほうほう|方法
手段|しゅだん|手段
手順|てじゅん|步骤
内容|ないよう|内容
結果|けっか|结果
原因|げんいん|原因
理由|りゆう|理由
関係|かんけい|关系
場合|ばあい|情况；场合
状態|じょうたい|状态
状況|じょうきょう|状况
条件|じょうけん|条件
事情|じじょう|情况；缘由
事実|じじつ|事实
現実|げんじつ|现实
真実|しんじつ|真相；真实
嘘|うそ|谎言
秘密|ひみつ|秘密
噂|うわさ|传闻
情報|じょうほう|信息
意見|いけん|意见
考え|かんがえ|想法
気持ち|きもち|心情；感受
気分|きぶん|心情；身体感觉
感情|かんじょう|感情
感覚|かんかく|感觉；感知
印象|いんしょう|印象
記憶|きおく|记忆
思い出|おもいで|回忆
夢|ゆめ|梦；梦想
希望|きぼう|希望
願い|ねがい|愿望
期待|きたい|期待
不安|ふあん|不安
恐怖|きょうふ|恐惧
緊張|きんちょう|紧张
勇気|ゆうき|勇气
自信|じしん|自信
興味|きょうみ|兴趣
趣味|しゅみ|爱好；审美趣味
好み|このみ|喜好
習慣|しゅうかん|习惯
生活|せいかつ|生活
日常|にちじょう|日常
人生|じんせい|人生
命|いのち|生命
運命|うんめい|命运
幸せ|しあわせ|幸福
幸福|こうふく|幸福
不幸|ふこう|不幸
愛|あい|爱
恋|こい|恋爱；爱恋
恋愛|れんあい|恋爱
友情|ゆうじょう|友情
笑顔|えがお|笑脸
態度|たいど|态度
表情|ひょうじょう|表情
性格|せいかく|性格
個性|こせい|个性
魅力|みりょく|魅力
姿|すがた|姿态；身影；外貌
様子|ようす|样子；情况
形|かたち|形状；形式
種類|しゅるい|种类
部分|ぶぶん|部分
全体|ぜんたい|整体
中心|ちゅうしん|中心
基本|きほん|基本；基础
基礎|きそ|基础
特徴|とくちょう|特征
違い|ちがい|差别
差|さ|差；差距
変化|へんか|变化
成長|せいちょう|成长
発展|はってん|发展
進歩|しんぽ|进步
成功|せいこう|成功
失敗|しっぱい|失败
努力|どりょく|努力
挑戦|ちょうせん|挑战
機会|きかい|机会
可能性|かのうせい|可能性
価値|かち|价值
責任|せきにん|责任
義務|ぎむ|义务
権利|けんり|权利
規則|きそく|规则
ルール|るーる|规则
約束|やくそく|约定；承诺
礼儀|れいぎ|礼节；礼貌
文化|ぶんか|文化
社会|しゃかい|社会
歴史|れきし|历史
政治|せいじ|政治
経済|けいざい|经济
法律|ほうりつ|法律
政府|せいふ|政府
国民|こくみん|国民
人口|じんこう|人口
平和|へいわ|和平
戦争|せんそう|战争
事件|じけん|事件
ニュース|にゅーす|新闻
新聞|しんぶん|报纸
雑誌|ざっし|杂志
記事|きじ|报道；文章
広告|こうこく|广告
お金|おかね|钱
金|かね|钱；金属（需语境区分）
金|きん|金；黄金
値段|ねだん|价格
価格|かかく|价格
料金|りょうきん|费用
費用|ひよう|费用
代金|だいきん|货款；价款
給料|きゅうりょう|工资
収入|しゅうにゅう|收入
貯金|ちょきん|存款；存钱
現金|げんきん|现金
買い物|かいもの|购物
お釣り|おつり|找零
割引|わりびき|打折；折扣
無料|むりょう|免费
有料|ゆうりょう|收费
# 阅读娱乐与科技
小説|しょうせつ|小说
物語|ものがたり|故事
漫画|まんが|漫画
アニメ|あにめ|动画
映画|えいが|电影
音楽|おんがく|音乐
歌|うた|歌曲
曲|きょく|曲子；乐曲
絵|え|画
写真|しゃしん|照片
映像|えいぞう|影像
動画|どうが|视频；动态图像
番組|ばんぐみ|节目
放送|ほうそう|播出；广播
舞台|ぶたい|舞台；背景场所
作品|さくひん|作品
作者|さくしゃ|作者
読者|どくしゃ|读者
題名|だいめい|标题；题名
タイトル|たいとる|标题
章|しょう|章
節|せつ|节；段
ページ|ぺーじ|页
表紙|ひょうし|封面
目次|もくじ|目录
挿絵|さしえ|插图
台詞|せりふ|台词；说的话
会話|かいわ|会话
登場|とうじょう|登场；出现
場面|ばめん|场景
結末|けつまつ|结局
冒険|ぼうけん|冒险
魔法|まほう|魔法
魔女|まじょ|魔女
妖怪|ようかい|妖怪
妖精|ようせい|妖精
幽霊|ゆうれい|幽灵
神|かみ|神
悪魔|あくま|恶魔
天使|てんし|天使
剣|けん|剑
武器|ぶき|武器
力|ちから|力量；能力
勝負|しょうぶ|胜负；较量
試合|しあい|比赛
大会|たいかい|大会；赛事
スポーツ|すぽーつ|体育运动
ゲーム|げーむ|游戏；比赛
プレゼント|ぷれぜんと|礼物
パーティー|ぱーてぃー|聚会
祭り|まつり|节庆；祭典
イベント|いべんと|活动；事件
電話|でんわ|电话
携帯電話|けいたいでんわ|手机
スマートフォン|すまーとふぉん|智能手机
パソコン|ぱそこん|个人电脑
コンピューター|こんぴゅーたー|计算机
タブレット|たぶれっと|平板电脑；片剂（需语境区分）
画面|がめん|画面；屏幕
電池|でんち|电池
充電|じゅうでん|充电
電源|でんげん|电源
機械|きかい|机器
機能|きのう|功能
操作|そうさ|操作
設定|せってい|设置
入力|にゅうりょく|输入
出力|しゅつりょく|输出
保存|ほぞん|保存
削除|さくじょ|删除
検索|けんさく|搜索
更新|こうしん|更新
登録|とうろく|登记；注册
確認|かくにん|确认
接続|せつぞく|连接
通信|つうしん|通信
ネット|ねっと|网络；网
インターネット|いんたーねっと|互联网
メール|めーる|电子邮件
メッセージ|めっせーじ|消息；留言
アカウント|あかうんと|账号
パスワード|ぱすわーど|密码
ログイン|ろぐいん|登录
データ|でーた|数据
ファイル|ふぁいる|文件
フォルダー|ふぉるだー|文件夹
アプリ|あぷり|应用程序
ソフト|そふと|软件；柔软的（需语境区分）
画像|がぞう|图像
音声|おんせい|语音；声音
通知|つうち|通知
エラー|えらー|错误
故障|こしょう|故障
問題点|もんだいてん|问题所在；缺陷
# 副词连接词与常用表达
いつ|いつ|什么时候
いつも|いつも|总是；平时
時々|ときどき|有时；偶尔
たまに|たまに|偶尔
よく|よく|经常；很好地；充分
あまり|あまり|（多与否定搭配）不太；过于
とても|とても|非常
非常に|ひじょうに|非常
すごく|すごく|非常；特别
大変|たいへん|非常；辛苦；严重
かなり|かなり|相当
ずいぶん|ずいぶん|相当；比预想多或久
少し|すこし|一点；稍微
ちょっと|ちょっと|一点；稍微；（委婉表达）有些困难
少々|しょうしょう|少许；稍微
もっと|もっと|更；再多一些
一番|いちばん|最；第一
最も|もっとも|最
ほとんど|ほとんど|几乎；大部分
大体|だいたい|大致；大体
大抵|たいてい|通常；大多
たくさん|たくさん|很多
いっぱい|いっぱい|满；很多
全く|まったく|完全；（与否定搭配）完全不
全然|ぜんぜん|（通常与否定搭配）完全不；（口语肯定）完全、很
絶対|ぜったい|绝对
必ず|かならず|一定；务必
きっと|きっと|一定（推测）；必定
多分|たぶん|大概；也许
恐らく|おそらく|恐怕；大概
もしかすると|もしかすると|也许；说不定
もし|もし|如果；假如
万一|まんいち|万一
たとえ|たとえ|即使
実は|じつは|其实
本当に|ほんとうに|真的；确实
もちろん|もちろん|当然
勿論|もちろん|当然
確かに|たしかに|的确
やはり|やはり|果然；还是；同样
やっぱり|やっぱり|果然；还是（口语）
すぐ|すぐ|马上；很近
すぐに|すぐに|马上；立刻
直ぐ|すぐ|马上；很近
もう|もう|已经；再；快要
まだ|まだ|还；尚未
既に|すでに|已经
これから|これから|从现在开始；接下来
それから|それから|然后；还有
その後|そのあと|那之后
後で|あとで|稍后；以后
先に|さきに|先；提前
先ず|まず|首先；先
まず|まず|首先；先
次に|つぎに|接着；其次
やっと|やっと|终于；勉强才
ついに|ついに|终于；最终
とうとう|とうとう|终于；到底
突然|とつぜん|突然
急に|きゅうに|突然
いきなり|いきなり|突然；毫无预兆地
さっき|さっき|刚才
今すぐ|いますぐ|现在马上
早速|さっそく|立刻；赶快
いつか|いつか|某一天；将来某时
いつまでも|いつまでも|一直；永远
ずっと|ずっと|一直；远远（比较）
永遠|えいえん|永远
一度|いちど|一次
二度|にど|两次
何度も|なんども|多次；反复
再び|ふたたび|再次
また|また|又；再次；另外
改めて|あらためて|重新；另行；再郑重地
一緒に|いっしょに|一起
別々|べつべつ|分别；各自
それぞれ|それぞれ|各自；分别
互いに|たがいに|互相
お互い|おたがい|彼此；互相
自ら|みずから|自己；亲自
自分で|じぶんで|自己亲自
わざと|わざと|故意
わざわざ|わざわざ|特意
うっかり|うっかり|不留神；无意中
つい|つい|不由得；无意中；刚刚
思わず|おもわず|不由自主地
なんとなく|なんとなく|总觉得；不知为什么
何となく|なんとなく|总觉得；不知为什么
なんとか|なんとか|设法；总算；想点办法
何とか|なんとか|设法；总算
どうにか|どうにか|设法；总算
どうして|どうして|为什么；怎么
なぜ|なぜ|为什么
何故|なぜ|为什么
どう|どう|怎么样；如何
どんな|どんな|什么样的
どの|どの|哪一个（修饰名词）
この|この|这个（修饰名词）
その|その|那个（修饰名词）
あの|あの|那个（修饰名词）；（迟疑时）那个……
これ|これ|这个
それ|それ|那个
あれ|あれ|那个（离双方较远）；咦（感叹）
どれ|どれ|哪一个
こう|こう|这样
そう|そう|那样；是的；（助动成分）样态或传闻
ああ|ああ|那样；啊（感叹）
こういう|こういう|这种；这样的
そういう|そういう|那种；那样的
どういう|どういう|什么样的；是什么意思的
こんな|こんな|这样的
そんな|そんな|那样的
あんな|あんな|那样的（离双方较远）
こんなに|こんなに|这么；如此
そんなに|そんなに|那么
どんなに|どんなに|多么；无论多么
どうしても|どうしても|无论如何；怎么也（与否定搭配）
どうぞ|どうぞ|请
どうも|どうも|总觉得；实在；（省略用法）谢谢等
ちゃんと|ちゃんと|好好地；规矩地；确实
きちんと|きちんと|整齐地；认真地；准时
しっかり|しっかり|牢牢地；认真地；扎实地
はっきり|はっきり|清楚地；明确地
ゆっくり|ゆっくり|慢慢地；从容地
のんびり|のんびり|悠闲地
そっと|そっと|轻轻地；悄悄地
こっそり|こっそり|偷偷地
じっと|じっと|一动不动地；凝神地
じっくり|じっくり|仔细地；充分地
ぼんやり|ぼんやり|模糊地；发呆地
ぐっすり|ぐっすり|熟睡地
すっかり|すっかり|完全；彻底
さっぱり|さっぱり|清爽；（与否定搭配）完全不
ぴったり|ぴったり|恰好；紧贴；完全合适
ばらばら|ばらばら|零散；各不相同
どんどん|どんどん|不断地；迅速地
だんだん|だんだん|渐渐
ますます|ますます|越来越
徐々に|じょじょに|逐渐
少しずつ|すこしずつ|一点一点地
ぐるぐる|ぐるぐる|不停转圈
わくわく|わくわく|兴奋；期待得心跳加快
どきどき|どきどき|心怦怦跳
いらいら|いらいら|烦躁
にこにこ|にこにこ|笑眯眯地
きらきら|きらきら|闪闪发光
ふらふら|ふらふら|摇摇晃晃；漫无目的地
ため息|ためいき|叹气
そして|そして|然后；并且
それに|それに|而且
さらに|さらに|进一步；此外
しかし|しかし|但是
でも|でも|但是；即使；（举例）之类
けれども|けれども|但是；虽然
けれど|けれど|但是；虽然
だけど|だけど|但是（口语）
ところが|ところが|然而；可是（出乎预料）
それでも|それでも|即便如此
それなのに|それなのに|尽管如此却……
だから|だから|所以
ですから|ですから|所以（礼貌说法）
そのため|そのため|因此；为了那个目的
そこで|そこで|于是；在那儿
それで|それで|因此；然后
すると|すると|于是；这样一来
つまり|つまり|也就是说
すなわち|すなわち|即；也就是
例えば|たとえば|例如
ただし|ただし|但是；不过（补充限制）
なお|なお|此外；仍然；更加
ところで|ところで|话说；转移话题时使用
さて|さて|那么；转入下一话题
とにかく|とにかく|总之；无论如何
ちなみに|ちなみに|顺便说一下
一方|いっぽう|另一方面；一方
逆に|ぎゃくに|反过来
むしろ|むしろ|倒不如；反而
しかも|しかも|而且；并且
或いは|あるいは|或者；也许
または|または|或者
それとも|それとも|还是（选择疑问）
および|および|以及
及び|および|以及
ならびに|ならびに|以及；并且（较正式）
はい|はい|是；好的
いいえ|いいえ|不；不是
うん|うん|嗯；是（随意）
ううん|ううん|不；不是（随意）
ええ|ええ|是；嗯
ありがとう|ありがとう|谢谢
すみません|すみません|对不起；不好意思；谢谢（劳烦别人时）
ごめんなさい|ごめんなさい|对不起
お願いします|おねがいします|拜托了；请
おはよう|おはよう|早上好（随意）
こんにちは|こんにちは|你好（白天问候）
こんばんは|こんばんは|晚上好
さようなら|さようなら|再见
おやすみ|おやすみ|晚安（随意）
いただきます|いただきます|我开动了（餐前致意）
ごちそうさま|ごちそうさま|谢谢款待；我吃好了
いってきます|いってきます|我出门了（告别家人等）
いってらっしゃい|いってらっしゃい|路上小心；一路走好（送人出门）
ただいま|ただいま|我回来了；现在；刚才（需语境区分）
おかえり|おかえり|欢迎回来
お疲れ様|おつかれさま|辛苦了
おめでとう|おめでとう|恭喜
初めまして|はじめまして|初次见面
よろしく|よろしく|请多关照；请代问好；妥善地
# 助词与功能词：列常见作用，不当作固定词对词翻译
は|わ|提示主题（作助词时读わ）；与其他成分对比或强调
が|が|标示主语；表示转折或承接（接句子时）
を|お|标示动作对象；表示经过或离开的场所（作助词读お）
に|に|表示时间点、地点、对象、方向或结果；具体含义随句法变化
へ|え|表示方向或目的地（作助词时读え）
で|で|表示动作场所、手段或原因；也可为断定表达的连接形式
と|と|与、和；引用内容；表示条件或共同动作
の|の|表示所属或修饰关系；名词化；句末说明或疑问（需语境）
も|も|也；连……也；用于强调
から|から|从；因为（接句子时）
まで|まで|到；直到；甚至
より|より|比；从（较书面）
だけ|だけ|只；仅；尽可能的程度
しか|しか|（与否定搭配）只有；仅仅
ほど|ほど|程度；大约；达到……的程度
くらい|くらい|大约；程度；至少
ぐらい|ぐらい|大约；程度（くらい的变体）
ばかり|ばかり|净是；只；刚刚（たばかり）；大约
ずつ|ずつ|各；每；逐次等量
など|など|等；之类
なんか|なんか|之类；例如；（口语）总觉得
なんて|なんて|竟然；之类；所谓（口语，随句法变化）
さえ|さえ|连……都；只要（与条件搭配）
でも|でも|连……也；即使；举例表示……之类；但是
こそ|こそ|正是；才是（强调）
って|って|（口语）引用、传闻或主题提示；相当于と、という等
ね|ね|句末表示确认、共感或轻微请求
よ|よ|句末告知或强调
な|な|感叹；（终止形后）禁止；形容动词修饰名词的连接成分
か|か|疑问；不确定；或
かな|かな|自问；不确定；希望（需语境）
よね|よね|提醒并征求认同
ので|ので|因为；由于（接原因说明）
のに|のに|明明……却；用于、为了（需句法区分）
けど|けど|虽然；但是；（句末）委婉引出后续
ながら|ながら|一边……一边；虽然
なら|なら|如果是；说到（条件或承接话题）
ば|ば|假如；如果（条件接续）
たら|たら|如果；……之后（条件或时间接续）
たり|たり|列举动作或状态；……之类
よう|よう|样子；方式；似乎（具体含义由接续决定）
そう|そう|看起来；据说（样态与传闻接续不同）
らしい|らしい|据说；似乎；像……应有的样子
みたい|みたい|好像；像……一样（口语）
べき|べき|应该（表示义务或理应）
はず|はず|理应；按道理应该
つもり|つもり|打算；自认为
わけ|わけ|理由；道理；事情的解释
ため|ため|为了；由于
せい|せい|由于……的缘故（多指不良结果）
おかげ|おかげ|托……的福；由于……（也可反讽）
こと|こと|事情；事；用于名词化
もの|もの|东西；事物；用于说明或感叹
ところ|ところ|地方；部分；正处于某个动作阶段
まま|まま|保持原样；任凭
うち|うち|内部；期间；趁着……
とおり|とおり|按照；正如
度|たび|每次；每当
度|ど|度数；次数；程度
目|め|（数词或助数词后）第……；（名词）眼睛、目光，须结合句法
# 常用固定搭配：比逐字释义更适合阅读
目にする|めにする|看见；目睹
目に入る|めにはいる|映入眼帘；注意到
目を向ける|めをむける|把目光投向；关注
目を丸くする|めをまるくする|瞪大眼睛（惊讶）
目を閉じる|めをとじる|闭眼
目を開ける|めをあける|睁眼
目が覚める|めがさめる|醒来；清醒
目を覚ます|めをさます|醒来；使清醒
目が合う|めがあう|目光相遇；对视
目を逸らす|めをそらす|移开视线
目をそらす|めをそらす|移开视线
目立つ|めだつ|显眼；引人注目
目指す|めざす|以……为目标；朝……前进
目当て|めあて|目标；意图
目の前|めのまえ|眼前
目の当たりにする|まのあたりにする|亲眼目睹
耳にする|みみにする|听到；听说
耳を傾ける|みみをかたむける|倾听
口にする|くちにする|说出口；吃或喝（需语境区分）
口を開く|くちをひらく|开口说话
口を閉じる|くちをとじる|闭嘴；闭上嘴
手に入れる|てにいれる|得到；获得
手に入る|てにはいる|得到；能获得
手を伸ばす|てをのばす|伸手；试图获取
手を貸す|てをかす|帮忙
手を出す|てをだす|伸手；插手；尝试；动手（需语境）
手に取る|てにとる|拿在手里
手を握る|てをにぎる|握住手
気がする|きがする|觉得；感觉
気になる|きになる|在意；挂心；感兴趣
気にする|きにする|介意；在意
気に入る|きにいる|喜欢；中意
気が付く|きがつく|注意到；察觉；恢复意识
気づく|きづく|察觉；注意到
気付く|きづく|察觉；注意到
気を付ける|きをつける|小心；注意
気をつける|きをつける|小心；注意
気を使う|きをつかう|费心；顾虑；体贴
気を遣う|きをつかう|顾虑；费心；体贴
気が合う|きがあう|合得来
気が済む|きがすむ|满意；心里舒坦
気が向く|きがむく|有兴致；想做
気を取り直す|きをとりなおす|重新振作
気を失う|きをうしなう|失去意识；昏迷
気配|けはい|迹象；气息；动静
気持ちいい|きもちいい|舒服
気持ち悪い|きもちわるい|恶心；不舒服；令人不适
腹が立つ|はらがたつ|生气
お腹が空く|おなかがすく|肚子饿
喉が渇く|のどがかわく|口渴
息をつく|いきをつく|喘口气；稍作休息
息を吐く|いきをはく|呼气
息を吸う|いきをすう|吸气
ため息をつく|ためいきをつく|叹气
肩をすくめる|かたをすくめる|耸肩
首を振る|くびをふる|摇头；摆动头（方向由上下文决定）
首を傾げる|くびをかしげる|歪头（疑惑等）
頷く|うなずく|点头；表示赞同
うなずく|うなずく|点头；表示赞同
俯く|うつむく|低头
うつむく|うつむく|低头
見上げる|みあげる|抬头看；仰望
見下ろす|みおろす|俯视
見つめる|みつめる|凝视
睨む|にらむ|瞪；盯；估计
眺める|ながめる|眺望；观看
覗く|のぞく|窥看；往里看
覗き込む|のぞきこむ|探头看；凑近窥看
見守る|みまもる|守望；照看
見送る|みおくる|送行；暂缓
見直す|みなおす|重新看；重新评价；修订
見落とす|みおとす|看漏；忽略
見逃す|みのがす|错过；放过
見込む|みこむ|预计；看好
見渡す|みわたす|环视；远眺
振り向く|ふりむく|回头；转向
振り向ける|ふりむける|把……转向；分配到
立ち上がる|たちあがる|站起来；启动；奋起
立ち止まる|たちどまる|停住脚步
座り込む|すわりこむ|坐下不动；一屁股坐下
寝転ぶ|ねころぶ|躺下
横になる|よこになる|躺下
落ち着く|おちつく|平静；安定；安顿下来
落ち着ける|おちつける|使平静；安顿
思い込む|おもいこむ|认定；深信（有时指误认为）
思いつく|おもいつく|想到；想出
思い付く|おもいつく|想到；想出
思い切る|おもいきる|下决心；断念
思い切り|おもいきり|尽情地；用尽全力
思い切って|おもいきって|下定决心；大胆地
思いやり|おもいやり|体贴；关怀
思い通り|おもいどおり|如愿；如所想
思いがけない|おもいがけない|意想不到
当たり前|あたりまえ|理所当然；正常
当然|とうぜん|当然
無言|むごん|沉默；不说话
沈黙|ちんもく|沉默
一言|ひとこと|一句话；几句话
一息|ひといき|一口气；短暂休息
一歩|いっぽ|一步
一旦|いったん|暂且；一旦
一応|いちおう|姑且；大致；先做基本处理
一体|いったい|究竟；到底；一体
一斉に|いっせいに|一起；同时
一気に|いっきに|一口气；一下子
一生懸命|いっしょうけんめい|拼命；非常努力
せっかく|せっかく|难得；特意；好不容易
せめて|せめて|至少（最低期待）
さすが|さすが|不愧；毕竟
まさか|まさか|难道；不会吧；万一（需语境）
まさに|まさに|正是；恰好；即将（书面）
どうやら|どうやら|看来；好像；总算
どうせ|どうせ|反正；终究
別に|べつに|另；（与否定搭配）并不特别
特に|とくに|特别；尤其
特にない|とくにない|没有特别的
なるほど|なるほど|原来如此；确实
なんだか|なんだか|总觉得；不知为什么
何だか|なんだか|总觉得；不知为什么
どちらかというと|どちらかというと|要说偏向哪边的话；较倾向于
というより|というより|与其说……不如说……
ということ|ということ|……这件事；也就是说（具体由句法决定）
というわけ|というわけ|这就是原因；也就是说
かもしれない|かもしれない|可能；也许
に違いない|にちがいない|一定；肯定（说话者判断）
はずがない|はずがない|不可能；按道理不会
わけではない|わけではない|并不是……；并非全部如此
わけがない|わけがない|不可能
わけにはいかない|わけにはいかない|不能那样做（受情理或职责约束）
ことがある|ことがある|有时……；曾经……（前接た形时）
ことになる|ことになる|决定为……；结果是……
ことにする|ことにする|决定做……（主体决定）
ようになる|ようになる|变得会……；逐渐形成某状态
ようにする|ようにする|设法做到；注意做到
ように見える|ようにみえる|看起来像……
てもいい|てもいい|可以……（许可）
てはいけない|てはいけない|不可以……（禁止）
なくてもいい|なくてもいい|不……也可以
なければならない|なければならない|必须……
ないといけない|ないといけない|必须……（口语）
てしまう|てしまう|完成某动作；不由得或遗憾地发生
ておく|ておく|事先做……；保持某状态
てみる|てみる|试着做……
てくる|てくる|做了再来；变化向现在发展；朝说话者方向（需语境）
ていく|ていく|做了再去；变化向未来发展；远离说话者（需语境）
ている|ている|正在……；某结果状态持续；习惯性行为
てある|てある|人为动作的结果状态保留
ところだった|ところだった|差点……
ばかりでなく|ばかりでなく|不仅……
だけでなく|だけでなく|不仅……
にとって|にとって|对……而言
について|について|关于……
に関して|にかんして|关于……（较正式）
に対して|にたいして|对……；相对于……
によって|によって|根据……；由于……；由……（需语境）
によると|によると|根据……所说
として|として|作为……
に比べて|にくらべて|与……相比
に限らず|にかぎらず|不限于……
に限る|にかぎる|最好是……；仅限于……
において|において|在……（时间、地点、领域，较正式）
を通して|をとおして|通过……；贯穿……
を通じて|をつうじて|通过……；在整个……期间
に伴って|にともなって|随着……
に従って|にしたがって|按照……；随着……
に応じて|におうじて|根据……；适应……
に加えて|にくわえて|加上……；除此之外
に反して|にはんして|与……相反
にもかかわらず|にもかかわらず|尽管……却……
おかげで|おかげで|多亏……；由于……（也可反讽）
せいで|せいで|由于……（多指不良结果）
ために|ために|为了……；因为……
たびに|たびに|每当……
うちに|うちに|趁……；在……期间逐渐发生
間に|あいだに|在……期间内
前に|まえに|在……之前
後に|あとに|在……之后
後で|あとで|在……之后；稍后
以上|いじょう|以上；既然……就……
以下|いか|以下
以内|いない|以内
以外|いがい|以外
以降|いこう|以后；之后
一切|いっさい|全部；（与否定搭配）一概不
せいぜい|せいぜい|最多；充其量；尽量
たった|たった|仅仅；只不过
僅か|わずか|仅有；少量
ほんの|ほんの|仅仅；一点点（修饰名词）
約|やく|大约
およそ|およそ|大约；大致
凡そ|およそ|大约；大致
ほぼ|ほぼ|几乎；大致
より|より|比；更加（副词用法）
ほどほど|ほどほど|适度；恰到好处
相変わらず|あいかわらず|仍然；照旧
相当|そうとう|相当；相当于
案外|あんがい|出乎意料地
意外|いがい|意外；出乎预料
結構|けっこう|相当；很好；不用了（拒绝语，需语境）
結局|けっきょく|结果；到头来
全て|すべて|全部；一切
とりあえず|とりあえず|暂且；先做……
なるべく|なるべく|尽量
出来るだけ|できるだけ|尽可能
できる|できる|能够；完成；形成
出来る|できる|能够；完成；形成
できれば|できれば|如果可以的话
できれば|できれば|如果可以的话
# 补充：日常阅读常见词
回る|まわる|旋转；绕行；巡回
回す|まわす|转动；传递；安排到
回転|かいてん|旋转；周转
回復|かいふく|恢复；康复
返事|へんじ|回答；回复
返答|へんとう|答复
返却|へんきゃく|归还
返信|へんしん|回复（邮件或消息等）
反応|はんのう|反应
反省|はんせい|反省
反対|はんたい|反对；相反
賛成|さんせい|赞成
賛否|さんぴ|赞成与反对
判断|はんだん|判断
決断|けつだん|决断
決定|けってい|决定
決心|けっしん|决心
選択|せんたく|选择
選択肢|せんたくし|选项
選挙|せんきょ|选举
提案|ていあん|提议；方案
要求|ようきゅう|要求
要望|ようぼう|希望；要求
要点|ようてん|要点
要素|ようそ|要素
要するに|ようするに|总之；简而言之
対象|たいしょう|对象
対策|たいさく|对策
対応|たいおう|应对；对应
対処|たいしょ|处理；应付
解決|かいけつ|解决
解釈|かいしゃく|解释；理解
理解|りかい|理解
納得|なっとく|接受并理解；信服
認識|にんしき|认识；认知
意識|いしき|意识；注意
無意識|むいしき|无意识
常識|じょうしき|常识
非常識|ひじょうしき|不合常理；缺乏常识
行動|こうどう|行动
行為|こうい|行为
活動|かつどう|活动
作戦|さくせん|作战计划；策略
役割|やくわり|职责；作用
役目|やくめ|职责；任务
役に立つ|やくにたつ|有用；有帮助
役立つ|やくだつ|有用；发挥作用
役|やく|职责；角色；作用
関わる|かかわる|涉及；参与；关系到
関心|かんしん|关注；兴趣
関係ない|かんけいない|没有关系
関係者|かんけいしゃ|相关人员
参加|さんか|参加
参加する|さんかする|参加
加入|かにゅう|加入
所属|しょぞく|所属
協力|きょうりょく|合作；协助
協力する|きょうりょくする|合作；协助
協調|きょうちょう|协调
協会|きょうかい|协会
組織|そしき|组织
団体|だんたい|团体
集団|しゅうだん|集体；群体
個人|こじん|个人
個別|こべつ|个别；分别
共通|きょうつう|共同；共通
共同|きょうどう|共同
共有|きょうゆう|共享
交換|こうかん|交换
交代|こうたい|轮换；交替
交替|こうたい|交替；轮换
変更|へんこう|变更
改善|かいぜん|改善
改良|かいりょう|改良
改正|かいせい|修订；改正
修正|しゅうせい|修正
修理|しゅうり|修理
修復|しゅうふく|修复
修業|しゅぎょう|学习技艺；修炼
修行|しゅぎょう|修行；修炼
修得|しゅうとく|学会；掌握
取得|しゅとく|取得
習得|しゅうとく|学会；掌握
獲得|かくとく|获得
得る|える|得到；获得
得る|うる|得到；（复合动词后）有可能
失敗談|しっぱいだん|失败的经历或故事
出来事|できごと|事件；发生的事
事|こと|事；事情；用于名词化
事態|じたい|事态
物事|ものごと|各种事物；事情
事務|じむ|事务；办公事务
事業|じぎょう|事业；业务
職場|しょくば|工作场所
職業|しょくぎょう|职业
就職|しゅうしょく|就业；找工作
就職する|しゅうしょくする|就业；参加工作
退職|たいしょく|离职；退休
辞職|じしょく|辞职
失業|しつぎょう|失业
面接|めんせつ|面试
履歴書|りれきしょ|简历
資格|しかく|资格
免許|めんきょ|执照；许可资格
契約|けいやく|合同；契约
契約書|けいやくしょ|合同书
申請|しんせい|申请
申し込む|もうしこむ|申请；报名
申し込み|もうしこみ|申请；报名
申し訳ない|もうしわけない|非常抱歉
応募|おうぼ|应征；报名参加
募集|ぼしゅう|招募
採用|さいよう|录用；采用
承認|しょうにん|批准；认可
許可|きょか|许可
禁止|きんし|禁止
許可する|きょかする|许可
禁止する|きんしする|禁止
制限|せいげん|限制
規制|きせい|管制；限制
管理|かんり|管理
監督|かんとく|监督；导演；教练
指導|しどう|指导
指示|しじ|指示
命令|めいれい|命令
指す|さす|指向；指代
刺す|さす|刺；扎；蜇
差す|さす|照射；撑（伞）；伸出
刺さる|ささる|扎入；刺中；（口语）触动
差し出す|さしだす|伸出；递交
差し込む|さしこむ|插入；照入
差し支え|さしつかえ|妨碍；不便
差し支えない|さしつかえない|没有妨碍；无妨
差別|さべつ|歧视；区别对待
区別|くべつ|区分
区切る|くぎる|分隔；划分段落
区切り|くぎり|分界；阶段性结束
分類|ぶんるい|分类
分ける|わける|分开；分类；分配
分かれる|わかれる|分开；分歧
分離|ぶんり|分离
分担|ぶんたん|分担
分析|ぶんせき|分析
処理|しょり|处理
整理|せいり|整理
整える|ととのえる|整理；备齐；调整
整う|ととのう|整齐；准备齐全
整備|せいび|整备；维护
維持|いじ|维持
保つ|たもつ|保持
保護|ほご|保护
保障|ほしょう|保障
保証|ほしょう|保证；担保
補償|ほしょう|补偿
証拠|しょうこ|证据
証明|しょうめい|证明
証言|しょうげん|证言
信用|しんよう|信用；相信
信頼|しんらい|信赖
尊敬|そんけい|尊敬
尊重|そんちょう|尊重
尊い|とうとい|尊贵；珍贵
尊い|たっとい|尊贵；珍贵（另一读法）
尊ぶ|とうとぶ|尊重；珍视
大切にする|たいせつにする|珍惜；重视
大事にする|だいじにする|珍惜；保重
感謝|かんしゃ|感谢
感謝する|かんしゃする|感谢
感動|かんどう|感动
感心|かんしん|佩服；赞叹
感想|かんそう|感想
感激|かんげき|深受感动；激动
感情的|かんじょうてき|情绪化的
冷静|れいせい|冷静
落胆|らくたん|失望；沮丧
失望|しつぼう|失望
絶望|ぜつぼう|绝望
嫉妬|しっと|嫉妒
憧れる|あこがれる|憧憬；向往
憧れ|あこがれ|憧憬；向往
惚れる|ほれる|爱上；迷恋
嫌う|きらう|讨厌；不喜欢
愛する|あいする|爱
愛情|あいじょう|爱情；关爱
愛想|あいそ|和气；待人态度
愛想笑い|あいそわらい|应酬的笑；陪笑
照れる|てれる|害羞；难为情
照れ笑い|てれわらい|羞涩的笑
苦笑|くしょう|苦笑
苦笑い|にがわらい|苦笑
微笑む|ほほえむ|微笑
微笑み|ほほえみ|微笑
微笑|びしょう|微笑
呟く|つぶやく|嘀咕；低声自语
つぶやく|つぶやく|嘀咕；低声自语
囁く|ささやく|低声说；耳语
ささやく|ささやく|低声说；耳语
叫ぶ|さけぶ|喊叫；呼喊
怒鳴る|どなる|大声吼叫；呵斥
唸る|うなる|低吼；呻吟；赞叹
呻く|うめく|呻吟
黙る|だまる|不说话；沉默
黙って|だまって|默默地；不作声地；不告知地
口調|くちょう|语气；说话腔调
口癖|くちぐせ|口头禅
喋る|しゃべる|说话；聊天
しゃべる|しゃべる|说话；聊天
喋り方|しゃべりかた|说话方式
話題|わだい|话题
雑談|ざつだん|闲聊
冗談|じょうだん|玩笑
冗談を言う|じょうだんをいう|开玩笑
本音|ほんね|真实想法；心里话
建前|たてまえ|表面说法；原则立场
本気|ほんき|认真；当真
本当|ほんとう|真的；真实
真剣|しんけん|认真；严肃
真剣に|しんけんに|认真地
冗談じゃない|じょうだんじゃない|开什么玩笑；绝不能接受
構う|かまう|理会；在意；干涉
構わない|かまわない|没关系；不介意
構わず|かまわず|不顾；不理会
構える|かまえる|摆好姿势；做好准备；设立
構造|こうぞう|结构
構成|こうせい|构成；组成
仕組み|しくみ|结构；机制
仕方|しかた|做法；办法
仕方ない|しかたない|没办法；不得已
仕方がない|しかたがない|没办法；不得已
しょうがない|しょうがない|没办法（口语）
仕方なく|しかたなく|无奈地；不得已
仕草|しぐさ|举止；动作
仕返し|しかえし|报复
仕上げる|しあげる|完成；最后加工
仕上がる|しあがる|完成（自动）；制作好
見事|みごと|出色；精彩；漂亮
見事に|みごとに|出色地；彻底地（有时用于失败）
見た目|みため|外观；外表
見かけ|みかけ|外表；看上去
見かける|みかける|偶然看见
見覚え|みおぼえ|见过的印象
聞き覚え|ききおぼえ|听过的印象
覚悟|かくご|心理准备；决心
覚悟する|かくごする|做好心理准备
気合|きあい|干劲；气势
気力|きりょく|意志力；精神力量
体力|たいりょく|体力
気軽|きがる|轻松；不拘束
気楽|きらく|轻松；无忧无虑
気まぐれ|きまぐれ|反复无常；心血来潮
気まずい|きまずい|尴尬；难为情
気の毒|きのどく|可怜；令人同情；过意不去
気が遠くなる|きがとおくなる|快要失去意识；因庞大或漫长而感到难以承受
気が抜ける|きがぬける|泄气；松懈；（饮料）跑气
気を抜く|きをぬく|松懈
気を引く|きをひく|引起注意；引起兴趣
気を配る|きをくばる|留心；照顾周到
足音|あしおと|脚步声
足元|あしもと|脚下；脚边
足跡|あしあと|脚印；足迹
足首|あしくび|脚踝
手首|てくび|手腕
手のひら|てのひら|手掌
掌|てのひら|手掌
頬|ほお|脸颊
頬|ほほ|脸颊（另一读法）
唇|くちびる|嘴唇
眉|まゆ|眉毛
眉毛|まゆげ|眉毛
額|ひたい|额头
額|がく|金额；数量；画框
瞳|ひとみ|瞳孔；眼睛
視線|しせん|视线；目光
視界|しかい|视野
視力|しりょく|视力
視点|してん|视角；观点
視野|しや|视野；考虑范围
視聴|しちょう|收看收听
視聴者|しちょうしゃ|观众；听众
表す|あらわす|表示；表达
現す|あらわす|显露；出现（他动）
現れる|あらわれる|出现；显现
現れ|あらわれ|表现；迹象
現場|げんば|现场
現状|げんじょう|现状
現象|げんしょう|现象
実際|じっさい|实际；实际上
実際に|じっさいに|实际地；实际上
実験|じっけん|实验
実施|じっし|实施
実行|じっこう|实行；执行
実現|じつげん|实现
実感|じっかん|切实感受
実は|じつは|其实
実に|じつに|实在；确实
実物|じつぶつ|实物
実用|じつよう|实用
応用|おうよう|应用
応援|おうえん|声援；支持；协助
応援する|おうえんする|支持；加油助威
応える|こたえる|回应；报答；满足（期待等）
応じる|おうじる|响应；答应；适应
応答|おうとう|应答
応急|おうきゅう|应急
緊急|きんきゅう|紧急
急用|きゅうよう|急事
用事|ようじ|事情；要办的事
用意|ようい|准备
用意する|よういする|准备
用いる|もちいる|使用（较书面）
利用|りよう|利用；使用
利用する|りようする|利用；使用
利用者|りようしゃ|用户；使用者
使用|しよう|使用
使用する|しようする|使用
使い方|つかいかた|用法
使い道|つかいみち|用途
使い捨て|つかいすて|一次性使用；用后即弃
消費|しょうひ|消费；消耗
消費者|しょうひしゃ|消费者
消耗|しょうもう|消耗
節約|せつやく|节约
節約する|せつやくする|节约
節電|せつでん|节电
資源|しげん|资源
資金|しきん|资金
資産|しさん|资产
環境|かんきょう|环境
資質|ししつ|素质；天赋
品質|ひんしつ|品质；质量
質|しつ|质量；性质
量|りょう|数量；量
程度|ていど|程度；大约
範囲|はんい|范围
規模|きぼ|规模
基準|きじゅん|标准
標準|ひょうじゅん|标准
平均|へいきん|平均
割合|わりあい|比例；比较而言
率|りつ|比率
確率|かくりつ|概率
速度|そくど|速度
距離|きょり|距离
長さ|ながさ|长度
高さ|たかさ|高度
重さ|おもさ|重量
広さ|ひろさ|面积；宽广程度
幅|はば|宽度；范围
厚さ|あつさ|厚度
奥行き|おくゆき|进深；深度
大きさ|おおきさ|大小
強さ|つよさ|强度；强大程度
弱さ|よわさ|弱点；虚弱程度
合計|ごうけい|合计
総合|そうごう|综合
総数|そうすう|总数
一覧|いちらん|一览；列表
一覧表|いちらんひょう|一览表
項目|こうもく|项目；条目
項|こう|项；条
項目名|こうもくめい|项目名称
記録|きろく|记录
記録する|きろくする|记录
履歴|りれき|经历；历史记录
記入|きにゅう|填写
記載|きさい|记载
記述|きじゅつ|记述
記号|きごう|符号
印|しるし|标记；记号
印|いん|印章；印记
印刷|いんさつ|印刷
表示|ひょうじ|显示；表示
非表示|ひひょうじ|隐藏；不显示
表|ひょう|表格
表|おもて|表面；正面；外面
裏|うら|背面；里面；内幕
裏側|うらがわ|背面；背后
裏切る|うらぎる|背叛；辜负
裏切り|うらぎり|背叛
表側|おもてがわ|正面；表面一侧
内側|うちがわ|内侧
外側|そとがわ|外侧
内部|ないぶ|内部
外部|がいぶ|外部
内緒|ないしょ|秘密；不告诉别人
秘密にする|ひみつにする|保密
噂する|うわさする|议论；传闻
嘘をつく|うそをつく|说谎
誤解|ごかい|误解
誤解する|ごかいする|误解
誤り|あやまり|错误
誤る|あやまる|弄错；判断错误
過ち|あやまち|错误；过失
勘違い|かんちがい|误会；误认为
勘|かん|直觉；感觉
直感|ちょっかん|直觉
偶然|ぐうぜん|偶然
偶然に|ぐうぜんに|偶然地
たまたま|たまたま|碰巧；偶然
必然|ひつぜん|必然
当然ながら|とうぜんながら|理所当然地
当然のように|とうぜんのように|仿佛理所当然地
幸い|さいわい|幸好；幸运
幸運|こううん|幸运
不運|ふうん|不走运
運|うん|运气
占い|うらない|占卜
占う|うらなう|占卜；预测
縁|えん|缘分；关系
縁|ふち|边缘
縁起|えんぎ|兆头；缘起
お守り|おまもり|护身符
祈り|いのり|祈祷；祈愿
願い事|ねがいごと|愿望
願望|がんぼう|愿望
目覚める|めざめる|醒来；觉醒
眠り|ねむり|睡眠
夢中|むちゅう|着迷；全神贯注
夢を見る|ゆめをみる|做梦；怀抱梦想
居眠り|いねむり|打瞌睡
寝坊|ねぼう|睡过头
寝坊する|ねぼうする|睡过头
寝不足|ねぶそく|睡眠不足
眠気|ねむけ|困意
あくび|あくび|哈欠
欠伸|あくび|哈欠
疲労|ひろう|疲劳
疲れ|つかれ|疲倦
休憩|きゅうけい|休息
休憩する|きゅうけいする|休息
休息|きゅうそく|休息
休暇|きゅうか|休假
有給休暇|ゆうきゅうきゅうか|带薪休假
連休|れんきゅう|连休
休業|きゅうぎょう|停业；暂停工作
営業|えいぎょう|营业；销售业务
営業中|えいぎょうちゅう|正在营业
営業時間|えいぎょうじかん|营业时间
閉店|へいてん|关门；结束营业
開店|かいてん|开门营业；开店
閉館|へいかん|闭馆
開館|かいかん|开馆
休館|きゅうかん|休馆
休校|きゅうこう|学校停课
休講|きゅうこう|停课（某门课程）
臨時|りんじ|临时
定期|ていき|定期；定期票或存款（需语境）
定期券|ていきけん|月票；定期乘车票
定期的|ていきてき|定期的
不定期|ふていき|不定期
臨時休業|りんじきゅうぎょう|临时停业
# 补充：常见异读（同形不同读音分别保存）
私|わたくし|我（郑重或正式自称）
皆|みな|大家；所有人
明日|あす|明天（あした的另一常见读法）
明日|みょうにち|明天（较正式）
明後日|みょうごにち|后天（较正式）
間|ま|间隔；空隙；时机；节奏
年|ねん|年；年份；年级（常用于组合词）
数|すう|数；数量；若干（接名词）
日本|にっぽん|日本（にほん的另一读法）
故郷|こきょう|故乡（ふるさと的另一读法）
角|かく|角；角度；棱角
角|つの|角（动物头上的角）
鶏肉|けいにく|鸡肉（较正式读法，日常多读とりにく）
温い|ぬくい|温暖（方言或口语读法）
節|ふし|关节；竹节；曲调；某一方面或时期
節|ぶし|曲调、风格（常作后缀，须看组合词）
葉|よう|叶（常在组合词中读よう）
生|なま|生的；未加工；现场的
生|せい|生；生命（多用于组合词）
生|しょう|一生（多用于组合词）
人気|にんき|人气；受欢迎程度
人気|ひとけ|人的踪迹；有人活动的气息
生物|せいぶつ|生物
生物|なまもの|生鲜食品；容易变质的食品
一時|いちじ|一时；暂时；一点钟
一時|ひととき|一段时间；片刻
何処|どこ|哪里
何方|どちら|哪边；哪位（礼貌说法）
何方|どなた|哪位（询问人的尊敬说法）
今日|こんにち|今天；当今（较正式）
今時|いまどき|如今；这个时代
今時|こんじ|现在这个时候（较书面）
先|さき|前方；之前；接下来；目的地
先|せん|前一个；上一个（多作前缀）
後|あと|之后；剩下；后面
後|のち|后来；以后（较书面）
後|ご|……之后（常作后缀）
方|かた|人（尊敬说法）；方法；方面
方|ほう|方向；一方；比较中的某一方
方|がた|各位；……们（尊敬后缀）
分|ふん|分钟（读音随前面的数词变化）
分|ぶん|部分；份额；与之相当的量
分|ぶ|十分之一；（传统计量）分
十分|じっぷん|十分钟（另一常见读法为じゅっぷん）
十分|じゅっぷん|十分钟
上手|うわて|上方；技艺高于对方；占优势的一方
下手|しもて|下方；舞台左侧（从观众看）；下游
下手|したて|地位较低的一方；低姿态
大家|おおや|房东
大家|たいか|某领域的权威；大师
大分|だいぶ|相当；很大程度
大分|おおいた|大分（日本地名）
上|じょう|上；高级；在……方面（常用于组合词或后缀）
下|げ|下；低等（常用于组合词）
下|しも|下方；下游；身体下部（需语境）
左右|さゆう|左和右；影响、决定某结果
前後|ぜんご|前后；大约
上下|じょうげ|上下；等级；升降
前半|ぜんはん|前半部分
後半|こうはん|后半部分
今回|こんかい|这次
前回|ぜんかい|上次
次回|じかい|下次
毎回|まいかい|每次
初回|しょかい|第一次；首回
最終|さいしゅう|最终；最后
最終回|さいしゅうかい|最后一回；大结局
